{"CountryName": "Albania", "gdp_1960": 0.0, "gdp_1961": 0.0, "gdp_1962": 0.0, "gdp_1963": 0.0, "gdp_1964": 0.0, "gdp_1965": 0.0, "gdp_1966": 0.0, "gdp_1967": 0.0, "gdp_1968": 0.0, "gdp_1969": 0.0, "gdp_1970": 0.0, "gdp_1971": 0.0, "gdp_1972": 0.0, "gdp_1973": 0.0, "gdp_1974": 0.0, "gdp_1975": 0.0, "gdp_1976": 0.0, "gdp_1977": 0.0, "gdp_1978": 0.0, "gdp_1979": 0.0, "gdp_1980": 0.0, "gdp_1981": 0.0, "gdp_1982": 0.0, "gdp_1983": 0.0, "gdp_1984": 1857338011.85488, "gdp_1985": 1897050133.42015, "gdp_1986": 2097326250.0, "gdp_1987": 2080796250.0, "gdp_1988": 2051236250.0, "gdp_1989": 2253090000.0, "gdp_1990": 2028553750.0, "gdp_1991": 1099559027.77778, "gdp_1992": 652174990.837304, "gdp_1993": 1185315468.46295, "gdp_1994": 1880951520.3972, "gdp_1995": 2392764853.42107, "gdp_1996": 3199642579.96974, "gdp_1997": 2258515610.08862, "gdp_1998": 2545967253.2416, "gdp_1999": 3212119044.17089, "gdp_2000": 3480355188.60063, "gdp_2001": 3922099470.97313, "gdp_2002": 4348070165.19261, "gdp_2003": 5611492282.86582, "gdp_2004": 7184681398.5698, "gdp_2005": 8052075642.10781, "gdp_2006": 8896073938.31407, "gdp_2007": 10677321490.3807, "gdp_2008": 12881353984.6426, "gdp_2009": 12044223457.8287, "gdp_2010": 11926962834.9645, "gdp_2011": 12890867535.5568, "gdp_2012": 12319784701.3346, "gdp_2013": 12776277648.9159, "gdp_2014": 13228244336.3241, "gdp_2015": 11386927679.0875, "gdp_2016": 11861353752.0672, "gdp_2017": 13025064966.5784, "gdp_2018": 15102500898.238, "gdp_2019": 0.0}