{"CountryName": "Algeria", "gdp_1960": 2723648551.75208, "gdp_1961": 2434776645.73628, "gdp_1962": 2001468867.73344, "gdp_1963": 2703014867.32834, "gdp_1964": 2909351792.58659, "gdp_1965": 3136258896.9233, "gdp_1966": 3039834558.74906, "gdp_1967": 3370843065.76735, "gdp_1968": 3852115816.97758, "gdp_1969": 4257218772.15369, "gdp_1970": 4863487492.65763, "gdp_1971": 5077222366.97472, "gdp_1972": 6761786386.54713, "gdp_1973": 8715105930.49101, "gdp_1974": 13209713643.3219, "gdp_1975": 15557934268.4965, "gdp_1976": 17728347374.994, "gdp_1977": 20971901273.271, "gdp_1978": 26364491313.4471, "gdp_1979": 33243422157.6311, "gdp_1980": 42345277342.0195, "gdp_1981": 44348672667.8715, "gdp_1982": 45207088715.6483, "gdp_1983": 48801369800.3675, "gdp_1984": 53698278905.9678, "gdp_1985": 57937868670.1937, "gdp_1986": 63696301892.8116, "gdp_1987": 66742267773.1959, "gdp_1988": 59089067187.3943, "gdp_1989": 55631489801.5508, "gdp_1990": 62045099642.7774, "gdp_1991": 45715367087.1001, "gdp_1992": 48003298223.1178, "gdp_1993": 49946455210.966, "gdp_1994": 42542571305.5136, "gdp_1995": 41764052457.8814, "gdp_1996": 46941496779.8499, "gdp_1997": 48177862501.9495, "gdp_1998": 48187747528.899, "gdp_1999": 48639108360.6213, "gdp_2000": 54786074940.2073, "gdp_2001": 54743249368.646, "gdp_2002": 56758113501.1671, "gdp_2003": 67866141223.5933, "gdp_2004": 85324767230.4939, "gdp_2005": 103198442061.076, "gdp_2006": 117030941571.939, "gdp_2007": 134978727825.851, "gdp_2008": 170997541140.985, "gdp_2009": 137214821177.358, "gdp_2010": 161205065469.309, "gdp_2011": 200015355528.47, "gdp_2012": 209062886917.045, "gdp_2013": 209754763860.68, "gdp_2014": 213808808746.696, "gdp_2015": 165978425168.386, "gdp_2016": 160032930353.764, "gdp_2017": 167390266100.763, "gdp_2018": 173757952824.25, "gdp_2019": 0.0}