{"CountryName": "Andorra", "gdp_1960": 0.0, "gdp_1961": 0.0, "gdp_1962": 0.0, "gdp_1963": 0.0, "gdp_1964": 0.0, "gdp_1965": 0.0, "gdp_1966": 0.0, "gdp_1967": 0.0, "gdp_1968": 0.0, "gdp_1969": 0.0, "gdp_1970": 78619206.0850963, "gdp_1971": 89409820.3592814, "gdp_1972": 113408231.944085, "gdp_1973": 150820102.798401, "gdp_1974": 186558696.279204, "gdp_1975": 220127246.376812, "gdp_1976": 227281024.620741, "gdp_1977": 254020153.340635, "gdp_1978": 308008897.569444, "gdp_1979": 411578334.159643, "gdp_1980": 446416105.825017, "gdp_1981": 388958731.302938, "gdp_1982": 375895956.383462, "gdp_1983": 327861832.946636, "gdp_1984": 330070689.298282, "gdp_1985": 346737964.774951, "gdp_1986": 482000594.03588, "gdp_1987": 611316399.407088, "gdp_1988": 721425939.15155, "gdp_1989": 795449332.396346, "gdp_1990": 1029048481.88051, "gdp_1991": 1106928582.86629, "gdp_1992": 1210013651.87713, "gdp_1993": 1007025755.00065, "gdp_1994": 1017549124.33238, "gdp_1995": 1178738991.19295, "gdp_1996": 1223945356.62682, "gdp_1997": 1180597272.72727, "gdp_1998": 1211932397.81713, "gdp_1999": 1239876305.13531, "gdp_2000": 1434429703.33518, "gdp_2001": 1496912751.67785, "gdp_2002": 1733116883.11688, "gdp_2003": 2398645598.19413, "gdp_2004": 2935659299.72684, "gdp_2005": 3255789080.96008, "gdp_2006": 3543256805.92147, "gdp_2007": 4016972351.49192, "gdp_2008": 4007353156.58415, "gdp_2009": 3660530702.97305, "gdp_2010": 3355695364.23841, "gdp_2011": 3442062830.13622, "gdp_2012": 3164615186.94591, "gdp_2013": 3281585236.32501, "gdp_2014": 3350736367.25488, "gdp_2015": 2811489408.89431, "gdp_2016": 2877311946.90265, "gdp_2017": 3013387423.93509, "gdp_2018": 3236543909.34844, "gdp_2019": 0.0}