{"CountryName": "Cambodia", "gdp_1960": 637142865.714286, "gdp_1961": 642857134.285714, "gdp_1962": 660000008.571429, "gdp_1963": 728571437.142857, "gdp_1964": 782857128.571429, "gdp_1965": 868571428.571429, "gdp_1966": 914285714.285714, "gdp_1967": 962857134.285714, "gdp_1968": 1065714248.57143, "gdp_1969": 978873232.394366, "gdp_1970": 718401157.724163, "gdp_1971": 969911421.394181, "gdp_1972": 505549441.375077, "gdp_1973": 702899155.982033, "gdp_1974": 588443893.689773, "gdp_1975": 0.0, "gdp_1976": 0.0, "gdp_1977": 0.0, "gdp_1978": 0.0, "gdp_1979": 0.0, "gdp_1980": 0.0, "gdp_1981": 0.0, "gdp_1982": 0.0, "gdp_1983": 0.0, "gdp_1984": 0.0, "gdp_1985": 0.0, "gdp_1986": 0.0, "gdp_1987": 0.0, "gdp_1988": 0.0, "gdp_1989": 0.0, "gdp_1990": 0.0, "gdp_1991": 0.0, "gdp_1992": 0.0, "gdp_1993": 2533727592.04165, "gdp_1994": 2791435272.26653, "gdp_1995": 3441205692.9166, "gdp_1996": 3506695719.57259, "gdp_1997": 3443413388.6909, "gdp_1998": 3120425502.58253, "gdp_1999": 3517242477.2285, "gdp_2000": 3677897739.07628, "gdp_2001": 3984000517.02345, "gdp_2002": 4284028482.53766, "gdp_2003": 4658246918.27092, "gdp_2004": 5337833248.03924, "gdp_2005": 6293046161.83262, "gdp_2006": 7274595706.67154, "gdp_2007": 8639235842.18075, "gdp_2008": 10351914093.1723, "gdp_2009": 10401851850.6108, "gdp_2010": 11242275198.9783, "gdp_2011": 12829541141.0127, "gdp_2012": 14054443213.4639, "gdp_2013": 15227991395.2201, "gdp_2014": 16702610842.4025, "gdp_2015": 18049954289.4229, "gdp_2016": 20159271964.9628, "gdp_2017": 22180376505.7284, "gdp_2018": 24542474061.2426, "gdp_2019": 0.0}