{"CountryName": "Colombia", "gdp_1960": 4031152976.63904, "gdp_1961": 4540447761.19403, "gdp_1962": 4955543963.36869, "gdp_1963": 4836166666.66667, "gdp_1964": 5973366666.66667, "gdp_1965": 5760761904.7619, "gdp_1966": 5428518518.51852, "gdp_1967": 5825170438.48704, "gdp_1968": 5960212869.12968, "gdp_1969": 6450175213.74923, "gdp_1970": 7198360460.19887, "gdp_1971": 7820380970.53674, "gdp_1972": 8671358732.68486, "gdp_1973": 10315760000.3394, "gdp_1974": 12370029583.6419, "gdp_1975": 13098633901.8673, "gdp_1976": 15341403660.4698, "gdp_1977": 19470960619.1297, "gdp_1978": 23263511958.0509, "gdp_1979": 27940411250.2732, "gdp_1980": 33400735644.0481, "gdp_1981": 36388366869.0309, "gdp_1982": 38968039721.748, "gdp_1983": 38729822781.5997, "gdp_1984": 38253120737.9671, "gdp_1985": 34894411351.983, "gdp_1986": 34942489683.9712, "gdp_1987": 36373307085.0887, "gdp_1988": 39212550050.4223, "gdp_1989": 39540080200.3938, "gdp_1990": 47844090709.9908, "gdp_1991": 49175565911.0655, "gdp_1992": 58418985443.3172, "gdp_1993": 66446804802.5747, "gdp_1994": 81703500846.0364, "gdp_1995": 92507279383.0387, "gdp_1996": 97160109277.8087, "gdp_1997": 106659508271.255, "gdp_1998": 98443739941.1664, "gdp_1999": 86186158684.7685, "gdp_2000": 99886577330.7271, "gdp_2001": 98211749595.5442, "gdp_2002": 97963003804.7851, "gdp_2003": 94641378693.223, "gdp_2004": 117081522349.677, "gdp_2005": 145180960251.663, "gdp_2006": 161189825603.139, "gdp_2007": 205706860699.301, "gdp_2008": 241710969502.894, "gdp_2009": 232494134119.684, "gdp_2010": 286103648654.545, "gdp_2011": 334454039093.586, "gdp_2012": 370574421703.06, "gdp_2013": 381866608838.8, "gdp_2014": 381112119657.445, "gdp_2015": 293481748240.779, "gdp_2016": 282825009887.458, "gdp_2017": 311789874617.096, "gdp_2018": 331047040087.878, "gdp_2019": 0.0}