{"CountryName": "Korea, Rep.", "gdp_1960": 3957240260.5632, "gdp_1961": 2417638423.22215, "gdp_1962": 2813856976.37299, "gdp_1963": 3988476878.75723, "gdp_1964": 3458565256.57027, "gdp_1965": 3120495495.4955, "gdp_1966": 3928281860.39655, "gdp_1967": 4854724234.80704, "gdp_1968": 6117115488.88487, "gdp_1969": 7675943920.04442, "gdp_1970": 8999227202.47295, "gdp_1971": 9889961111.91128, "gdp_1972": 10842220468.8335, "gdp_1973": 13841885920.8676, "gdp_1974": 19482038222.8595, "gdp_1975": 21704752066.1157, "gdp_1976": 29779338842.9752, "gdp_1977": 38265082644.6281, "gdp_1978": 51700619834.7107, "gdp_1979": 66567975206.6116, "gdp_1980": 64980820835.3226, "gdp_1981": 72425590649.4574, "gdp_1982": 77773431088.253, "gdp_1983": 87024427972.9294, "gdp_1984": 96597434179.5082, "gdp_1985": 100273097170.18, "gdp_1986": 115537126325.94, "gdp_1987": 146133338196.141, "gdp_1988": 196964195387.371, "gdp_1989": 243526047716.915, "gdp_1990": 279349355713.801, "gdp_1991": 325734233312.879, "gdp_1992": 350051111253.443, "gdp_1993": 386302839273.923, "gdp_1994": 455602962225.403, "gdp_1995": 556130926912.754, "gdp_1996": 598099073901.423, "gdp_1997": 557503074772.151, "gdp_1998": 374241351752.483, "gdp_1999": 485248229336.653, "gdp_2000": 561633125839.994, "gdp_2001": 533052076313.527, "gdp_2002": 609020054512.465, "gdp_2003": 680520724062.403, "gdp_2004": 764880644710.649, "gdp_2005": 898137194716.188, "gdp_2006": 1011797457138.5, "gdp_2007": 1122679154632.41, "gdp_2008": 1002219052967.54, "gdp_2009": 901934953364.711, "gdp_2010": 1094499338702.72, "gdp_2011": 1202463682633.85, "gdp_2012": 1222807284485.31, "gdp_2013": 1305604981271.91, "gdp_2014": 1411333926201.24, "gdp_2015": 1382764027113.82, "gdp_2016": 1414804158515.26, "gdp_2017": 1530750923148.7, "gdp_2018": 1619423701169.63, "gdp_2019": 0.0}