{"CountryName": "Vietnam", "gdp_1960": 0.0, "gdp_1961": 0.0, "gdp_1962": 0.0, "gdp_1963": 0.0, "gdp_1964": 0.0, "gdp_1965": 0.0, "gdp_1966": 0.0, "gdp_1967": 0.0, "gdp_1968": 0.0, "gdp_1969": 0.0, "gdp_1970": 0.0, "gdp_1971": 0.0, "gdp_1972": 0.0, "gdp_1973": 0.0, "gdp_1974": 0.0, "gdp_1975": 0.0, "gdp_1976": 0.0, "gdp_1977": 0.0, "gdp_1978": 0.0, "gdp_1979": 0.0, "gdp_1980": 0.0, "gdp_1981": 0.0, "gdp_1982": 0.0, "gdp_1983": 0.0, "gdp_1984": 0.0, "gdp_1985": 14094687820.7445, "gdp_1986": 26336616250.4397, "gdp_1987": 36658108850.3149, "gdp_1988": 25423812648.5941, "gdp_1989": 6293304974.59403, "gdp_1990": 6471740805.56984, "gdp_1991": 9613369520.41885, "gdp_1992": 9866990236.43587, "gdp_1993": 13180953598.1716, "gdp_1994": 16286433533.3228, "gdp_1995": 20736164458.9505, "gdp_1996": 24657470574.7501, "gdp_1997": 26843700441.5482, "gdp_1998": 27209602050.0452, "gdp_1999": 28683659006.7752, "gdp_2000": 31172518403.3162, "gdp_2001": 32685198735.3053, "gdp_2002": 35064105500.8345, "gdp_2003": 39552513316.0734, "gdp_2004": 45427854693.2554, "gdp_2005": 57633255618.2731, "gdp_2006": 66371664817.0436, "gdp_2007": 77414425532.2452, "gdp_2008": 99130304099.1274, "gdp_2009": 106014659770.222, "gdp_2010": 115931749697.241, "gdp_2011": 135539438559.709, "gdp_2012": 155820001920.492, "gdp_2013": 171222025117.381, "gdp_2014": 186204652922.262, "gdp_2015": 193241108709.536, "gdp_2016": 205276172134.901, "gdp_2017": 223779865815.183, "gdp_2018": 245213686369.157, "gdp_2019": 0.0}